deaths,experience,winPercent,playPercent,overallPosition,totalDamageDealtToChampions,kills,minionsKilled,neutralMinionsKilledTeamJungle,totalDamageTaken,largestKillingSpree,totalHeal,banRate,role,neutralMinionsKilledEnemyJungle,assists,key,title,overallPositionChange,goldEarned
5.99,35.78,46.7,0.48,55,21457,4.46,169.6,3.71,29846,2.02,12963,0,Top,1.84,7.13,Yorick,Yorick,-1,11635
6.58,80.79,47.08,0.34,54,20967,5.21,186.7,5.97,18596,2.46,9183,0,Top,3.27,5.48,Mordekaiser,Mordekaiser,2,12055
6.08,49.44,48.56,0.23,50,21419,5.85,178.1,3.86,19368,2.76,1633,0,Top,1.48,6.2,Urgot,Urgot,5,11944
5.89,8.46,41.72,0.14,57,16460,3.83,163.6,4.36,31044,1.8,9159,0,Top,2.42,7.63,Nunu,Nunu,0,11235
5.53,63.04,47.71,0.68,38,18349,5.08,190.6,7.49,31118,2.57,14667,0,Top,4.59,5.86,Aatrox,Aatrox,1,12309
6.53,80.44,46.25,0.17,47,22662,5.91,189.8,6.77,21174,2.68,4590,0,Top,2.15,5.81,Cassiopeia,Cassiopeia,4,12366
5.08,34.04,51.56,0.25,21,20626,4.26,205.9,2.96,27287,2.19,7543,0,Top,1.19,9.61,Galio,Galio,11,12289
7.22,51.93,46.75,0.12,32,28945,6.4,209.7,9.1,22687,2.44,2074,0,Top,2,8.28,Karthus,Karthus,4,13266
5.76,137.66,49.68,0.79,27,24448,3.83,206.5,2.8,19480,1.73,1209,0,Top,1.39,6.06,Heimerdinger,Heimerdinger,19,12235
6.2,59.55,46.21,1.07,34,23648,6.55,188.3,6.01,21363,3.06,1709,0,Top,2.38,6.69,Jayce,Jayce,7,12548
6.05,71.73,46.62,0.56,42,23572,5.53,158,4.31,29257,2.59,11152,0,Top,1.51,6.71,Swain,Swain,3,11547
6.09,114.54,51.71,1.52,3,22180,3.88,224.2,1.59,34487,1.79,3050,0,Top,2.01,7.55,Singed,Singed,16,12536
6.41,98.34,49.73,2.04,18,28027,5.98,192.1,4.04,21344,2.65,2614,0,Top,2.84,5.89,Teemo,Teemo,5,12746
5.3,52.35,53.3,1.65,7,19445,4.47,191.5,2.29,32237,2.15,14278,0,Top,1.63,8.99,Sion,Sion,10,12089
5.59,31.57,45.09,0.28,56,15506,4.65,159.2,4.87,35365,2.26,13964,0,Top,1.96,7.72,Warwick,Warwick,-3,11454
5.66,29.84,47.59,1.56,45,18058,3.98,178.4,3.04,32008,1.89,7875,0,Top,1.22,9.16,Maokai,Maokai,4,11512
6.27,28.84,47.17,1.39,49,22578,5.65,186.2,5.47,23174,2.63,1427,0,Top,2.38,6.14,Ryze,Ryze,1,12147
5.85,103.31,51.55,3.16,6,17947,5.5,217.3,8.33,35596,2.54,8548,0,Top,7.45,4.29,Tryndamere,Tryndamere,15,13315
6.52,142.37,48.53,0.75,37,19850,7.79,174.1,10.36,26389,3.52,4785,0,Top,5.11,5.53,Rengar,Rengar,10,12821
5.59,55.59,47,2.17,41,21486,5.13,177.2,2.53,19386,2.5,2028,0,Top,1.16,6.66,Kennen,Kennen,3,11720
5.98,50.36,42.38,0.53,52,17908,5.76,174.4,5.13,31942,2.77,6588,0,Top,2.15,7.03,Hecarim,Hecarim,-4,11921
6.06,54.64,49.34,1.23,30,18567,6.33,178.6,5.15,26803,3.01,2378,0,Top,2.4,9.07,JarvanIV,Jarvan IV,8,12391
5.76,51.23,54.01,2,12,19626,5.42,208.5,7.76,23719,2.64,8144,0,Top,3.65,6.22,Kayle,Kayle,12,12723
6.56,74.18,42.28,1.26,53,23028,5.45,157.4,3.52,22970,2.49,1908,0,Top,1.34,7.43,Rumble,Rumble,-1,11455
6.45,51.28,45.99,3.24,33,23920,5.01,199.6,5.13,30986,2.24,21865,0,Top,2.69,6.47,Vladimir,Vladimir,-7,12300
6.44,17.07,47.49,2.45,40,24196,4.95,193.8,2.59,32796,2.26,6342,0,Top,1.46,5.93,Illaoi,Illaoi,-3,12129
6.27,26.65,45.31,3.21,51,19617,5.71,183.8,4.36,30273,2.59,4164,0,Top,2.54,5.8,Olaf,Olaf,-17,12087
5.12,35.15,51.79,5.57,1,20450,6.51,189.9,3.1,32066,3.35,2220,0,Top,2.3,5.79,Garen,Garen,1,12542
4.55,69.95,49.64,0.73,28,19508,4.87,172.1,4.94,31343,2.66,23897,0,Top,2.4,8.84,Zac,Zac,7,11765
4.98,11.84,50.25,4.59,11,21697,4.69,192.7,3.25,36764,2.48,11411,0,Top,2.29,7.39,DrMundo,Dr. Mundo,-7,12107
5.84,44.82,47.45,3.9,35,20880,5,177.2,3.44,28288,2.46,2500,0,Top,1.89,7.59,Gnar,Gnar,-6,11869
4.96,15.4,46.89,2.31,44,18652,4.7,176.8,2.67,34642,2.44,8142,0,Top,1.68,7.71,TahmKench,Tahm Kench,-13,11773
5.42,34.68,48.88,4.79,4,23249,5.67,216.7,5.47,25686,2.82,6215,0,Top,2.14,7.6,Gangplank,Gangplank,-3,13908
6.07,45.33,49.7,4.05,2,19994,6.83,185.2,5.11,31884,3.27,3900,0,Top,2.87,6.56,Akali,Akali,40,12465
4.76,25.58,51.82,3.95,22,17328,4.8,185.4,3.39,36509,2.52,12292,0,Top,2.11,7.39,Trundle,Trundle,-15,11896
5.64,21.78,46.95,2.58,43,19175,4.32,203.4,3.98,22187,2.06,2881,0,Top,1.51,7.78,Lissandra,Lissandra,-13,12092
5.85,44.71,47.08,5.63,25,18536,5.34,197.4,4.76,34074,2.55,6444,0,Top,3.03,6.38,Renekton,Renekton,-5,12301
5.19,39.51,47.42,2.73,26,18737,5.52,197,5.86,31909,2.89,7995,0,Top,2.72,6.19,Chogath,Cho'Gath,-10,12479
5.34,17.98,54.57,3.59,24,19451,4.26,185.5,2.95,28875,2.14,3378,0,Top,1.56,9.02,Rammus,Rammus,4,11990
5.27,49.33,51.67,7.37,5,18997,4.92,201.6,4.4,34479,2.53,1851,0,Top,2.15,5.87,Nasus,Nasus,-2,12394
6.34,138.72,47.57,6.46,36,17556,6.66,192,7.31,23064,3.06,2133,0,Top,4.27,5.05,Riven,Riven,-11,12602
5.89,86.02,49.1,5.31,17,18664,6.59,188.1,3.13,29899,3.15,8176,0,Top,1.97,5.66,Irelia,Irelia,-7,12276
5.29,48.52,52.08,2.37,16,18777,6.17,169.4,3.58,34989,3.15,3245,0,Top,2.54,7.07,Volibear,Volibear,11,12075
5.76,102.11,51.15,3.68,8,20094,6.83,176.4,4.82,24657,3.27,2306,0,Top,2.2,6.54,MonkeyKing,Wukong,4,12337
4.51,33.44,50.86,5.68,29,15908,4.04,178.5,2.75,27096,2.17,3227,0,Top,1.37,10.51,Shen,Shen,-11,11697
6.68,30.2,52.55,4.93,15,23332,7.54,185.9,4.76,21978,3.43,1984,0,Top,2.78,6.6,Quinn,Quinn,-9,12725
6.67,36.4,47.28,4.72,46,17819,5.98,185.4,6.71,26552,2.65,3206,0,Top,3.79,4.51,Jax,Jax,-6,12406
5.86,26.23,49.62,8.82,23,19626,6.27,186.8,4.35,31163,3.02,7945,0,Top,2.3,5.58,Fiora,Fiora,-18,12284
6,51.62,47.55,1.35,39,19611,6.01,181.7,4.07,27166,2.85,4858,0,Top,1.88,6.36,Ekko,Ekko,4,12203
6.27,39.6,50.31,9.89,19,19448,6.67,183.3,3.18,33356,3.15,5482,0,Top,1.82,5.58,Darius,Darius,-6,12188
6.27,49.33,53.99,7.2,10,22717,8.38,158.5,3.59,22861,3.84,1845,0,Top,1.78,6.43,Pantheon,Pantheon,-1,12301
7.03,106.61,49.47,3.96,13,19815,6.06,217.6,7.59,23340,2.64,1396,0,Top,4.76,5.96,Yasuo,Yasuo,9,13058
5.24,17.29,51.87,7.37,20,20355,5.46,175.7,3.44,26863,2.8,2930,0,Top,2.02,7.47,Poppy,Poppy,-6,12006
4.73,30.68,48.71,2.31,48,16042,3.65,180.1,2.9,19650,1.89,1907,0,Top,1.17,9.21,Lulu,Lulu,-15,11586
5.92,26.94,50.87,4.13,14,23033,6.37,209.6,7.8,23347,3.12,3053,0,Top,3.42,5.85,Graves,Graves,-6,12954
4.58,20.73,51.76,10.07,31,18348,4.67,175.8,2.9,23001,2.5,2650,0,Top,1.28,8.96,Malphite,Malphite,-20,11792
4.86,24.54,55.35,13.3,9,18608,4.22,192.7,2.49,25006,2.25,2755,0,Top,1.41,9.4,Nautilus,Nautilus,6,11901
5.22,51.96,51.26,0.35,15,16154,5.93,55.2,69.83,35145,3.06,22927,0,Jungle,12.03,7.09,Aatrox,Aatrox,18,12342
4.5,55.79,53.25,1.29,16,12293,4.61,40.9,66.18,28455,2.48,7137,0,Jungle,11.05,10.23,Skarner,Skarner,12,11718
5.56,41.31,44.36,1.2,38,15753,6.21,49.4,66.27,36118,3.1,11774,0,Jungle,8.5,8.86,Hecarim,Hecarim,-1,12056
4.58,35.33,50.62,0.83,33,12586,3.88,45.8,57.87,36711,2.08,13343,0,Jungle,12.55,10.93,Nunu,Nunu,3,11445
4.63,34.86,49.66,2.25,31,14641,4.51,47.1,64.39,35518,2.38,7374,0,Jungle,7.69,11.05,Sejuani,Sejuani,-8,11595
5.4,66.33,48.94,0.28,30,17259,4.84,69.6,54.07,37644,2.26,19460,0,Jungle,6.36,10.83,Sion,Sion,12,11871
5.39,47.32,51,2.1,14,14488,6.12,37.6,67.25,37891,2.99,19706,0,Jungle,9.52,8.44,Warwick,Warwick,4,11987
5.59,45.72,47.29,0.56,42,15408,4.43,48.8,56.24,37336,2.16,11873,0,Jungle,6.87,11.55,Maokai,Maokai,1,11313
5.59,138.99,50.13,1.72,22,17256,5.5,43.9,68.33,29425,2.78,16879,0,Jungle,7.42,9.27,FiddleSticks,Fiddlesticks,-5,11832
6.39,125.75,45.23,0.32,44,23226,6.37,65.6,61.93,22942,2.85,4933,0,Jungle,10.07,6.92,Teemo,Teemo,4,12479
4.59,55.21,46.74,3.11,27,13427,4.76,43,64.14,36458,2.56,14056,0,Jungle,11.53,9.42,RekSai,Rek'Sai,-3,11527
5.52,37.68,51.18,3.1,8,17025,7.43,54.9,73.34,31455,3.61,9629,0,Jungle,10.19,7.5,Nocturne,Nocturne,8,12825
5.87,37.84,45.04,1.89,43,14057,5.56,44.8,59.32,29884,2.64,6444,0,Jungle,6.97,11.45,JarvanIV,Jarvan IV,3,11623
5.67,91.07,48.64,3.46,12,19033,7.43,42.8,60.89,27325,3.63,6181,0,Jungle,9.19,8.99,Evelynn,Evelynn,2,12049
6.32,89.31,48.25,2.78,21,17204,8.03,48.5,69.43,28763,3.62,9568,0,Jungle,10.58,6.5,Rengar,Rengar,1,12652
5.7,90.78,48.97,0.54,20,15691,6.07,78.2,71.2,38196,2.78,14426,0,Jungle,14.17,5.89,Tryndamere,Tryndamere,18,13119
6.16,20.74,48.76,3.37,39,18542,6.67,47.3,58.32,27897,3.14,13097,0,Jungle,14.1,7.68,Kindred,Kindred,-10,11922
5.8,25.01,42.8,0.72,47,16295,5.74,55.4,63.45,36015,2.68,8327,0,Jungle,9.02,7.71,Olaf,Olaf,-2,11873
5.48,32.53,48.57,2.64,23,20770,6.16,51.9,70.88,27431,3.11,6129,0,Jungle,10.03,9.61,Rumble,Rumble,12,12287
5.91,39.11,46.89,3.75,18,18294,8.36,45.1,67.19,30619,3.93,10166,0,Jungle,11.13,6.29,Khazix,Kha'Zix,2,12559
5.5,53.02,50.96,0.51,19,17552,6.21,74.7,70.97,28149,2.96,11745,0,Jungle,10.07,7.44,Kayle,Kayle,25,12743
5.83,46.82,47.88,4.54,37,14947,6.16,41.8,67.02,26845,2.92,5825,0,Jungle,9.14,8.1,Vi,Vi,-5,11928
5.98,116.37,50.94,4.8,9,18616,8.09,51.6,53.11,25511,3.66,5871,0,Jungle,11.05,7.15,Shaco,Shaco,3,12441
4.4,35.31,48.16,4.82,28,15580,4.92,44.1,63.69,33479,2.72,27695,0,Jungle,7.52,11,Zac,Zac,-9,11517
5.25,9.02,47.68,0.98,41,18107,5.04,51.9,62.47,41325,2.56,14212,0,Jungle,9.49,9,DrMundo,Dr. Mundo,-11,11755
4.84,32.7,51.46,1,26,14908,5.58,47.3,59.37,38517,2.84,16342,0,Jungle,9.07,9.27,Trundle,Trundle,1,11789
5.49,80.48,50,2.64,13,17300,6.82,52.9,63.74,28298,3.29,7223,0,Jungle,7.55,8.14,MonkeyKing,Wukong,2,12170
5.96,53.86,49.68,3.09,11,19899,7.49,61.4,72.76,22724,3.58,4292,0,Jungle,10.26,7.65,Diana,Diana,0,12909
5.11,30.41,50.72,3.82,35,14901,4.26,43.7,57.25,33087,2.11,7734,0,Jungle,6.41,11.41,Rammus,Rammus,-10,11276
4.63,30.6,47.47,1.19,48,12674,4.41,51.3,56.91,30054,2.31,5732,0,Jungle,7.13,11.1,Shen,Shen,-1,11346
4.84,41.61,53.72,5.29,3,16052,6.66,45.9,58.68,38226,3.49,7293,0,Jungle,9.06,9.15,Volibear,Volibear,7,11974
5.12,35.33,53.09,7.72,7,16605,5.07,45,67.56,30390,2.58,6425,0,Jungle,8.14,11.11,Amumu,Amumu,-2,11881
6.58,23.02,51.41,1.53,34,20398,8,60.1,58.59,24714,3.57,5836,0,Jungle,9.11,8,Quinn,Quinn,-8,12543
6.15,24.52,51.75,3.71,25,16203,6.89,55.3,70.06,27635,3.08,6846,0,Jungle,11.96,6.1,Jax,Jax,-4,12708
6.28,20.66,51.46,7.72,24,16440,6.31,46.2,66.05,33340,2.82,14783,0,Jungle,11.29,6.73,XinZhao,Xin Zhao,-18,12131
4.49,35.02,54.42,8.59,6,13038,5.22,65.3,69.25,30612,2.86,7343,0,Jungle,13.63,8.11,Udyr,Udyr,-4,12522
5.36,37.9,50.93,4.88,5,17797,6.76,54.7,61.21,30870,3.37,8444,0,Jungle,8.06,8.93,Ekko,Ekko,2,12182
5.51,31.83,49.07,9.8,32,16994,6.3,41.5,60.62,24858,3.07,7127,0,Jungle,9.38,8.32,Elise,Elise,-19,11766
6.21,52.2,48.22,1.82,36,17944,8.19,55.8,61.28,25037,3.7,5168,0,Jungle,8.35,6.96,Fizz,Fizz,-5,12503
5.19,51.95,50.37,9.76,4,18229,6.65,46.8,68.83,29065,3.41,14379,0,Jungle,14.8,7.95,Nidalee,Nidalee,0,12364
6.04,39.95,49.47,2.25,40,17654,7.72,50.2,52.16,25326,3.6,5509,0,Jungle,6.18,7.72,Pantheon,Pantheon,-1,11874
4.71,27.57,55.11,10.05,1,18195,6.55,64.6,79.14,32571,3.45,7700,0,Jungle,16.89,6.89,Shyvana,Shyvana,0,13269
6.41,50.46,53.22,12.86,2,18140,8.57,61.6,75.73,29847,3.75,7864,0,Jungle,12.28,4.99,MasterYi,Master Yi,1,13257
5.77,71.78,45.96,20.48,29,14760,6.35,39.8,59.17,30061,3.05,6478,0,Jungle,9.83,8.97,LeeSin,Lee Sin,5,11676
5.19,17.57,47.68,2.24,45,15807,5.42,44.2,57.75,28719,2.73,5553,0,Jungle,8.41,9.26,Poppy,Poppy,-4,11529
4.63,21.11,48.94,1.46,46,15429,4.84,50.9,60.88,25606,2.56,5391,0,Jungle,5.97,10.27,Malphite,Malphite,-6,11575
5.32,26.19,50.89,4.76,10,20625,7,73,69.59,24986,3.44,6220,0,Jungle,10.6,7.49,Graves,Graves,-1,12862
4.66,20.87,50.41,14.35,17,15686,4.78,43.5,64.62,31705,2.53,11433,0,Jungle,9.86,10.32,Gragas,Gragas,-9,11583
6.06,39.65,48.98,0.09,48,21312,6.13,166.5,5.82,19242,2.79,1794,0,Middle,1.54,6.87,Urgot,Urgot,-2,11749
5.5,21.4,51.43,0.62,32,22426,5.5,186.9,6.26,25072,2.73,7048,0,Middle,1.73,9.94,Galio,Galio,5,12222
6.91,45.85,49.09,0.84,16,29229,7.22,192.8,13.25,22298,2.85,2209,0,Middle,2.23,8.86,Karthus,Karthus,5,13124
6.61,75.52,50.59,0.11,45,19920,6.05,161.8,9.4,16504,2.85,8256,0,Middle,3.86,6.12,Mordekaiser,Mordekaiser,3,11650
6.4,43.66,46.02,1.08,46,22098,6.55,174.6,9.42,20573,2.95,4385,0,Middle,2.21,6.2,Cassiopeia,Cassiopeia,-2,12170
5.96,33.42,46.19,1.47,37,20812,6.96,185.2,8.47,17269,3.31,1692,0,Middle,2.04,6.94,Veigar,Veigar,-10,12564
6.24,84.56,48.91,1.13,29,23781,6.9,143.6,7,29073,3.23,11179,0,Middle,1.63,7.37,Swain,Swain,11,11626
6.49,35.93,46.64,0.6,47,22370,6.36,171.1,8.51,23331,2.96,1436,0,Middle,2.43,6.83,Ryze,Ryze,0,12022
5.61,111.9,50.23,0.72,24,24408,4.51,186.1,4.46,18351,2.12,1313,0,Middle,1.41,7.05,Heimerdinger,Heimerdinger,14,11990
5.8,59.79,48.13,0.66,19,23709,7.33,181.4,9.19,19920,3.51,1699,0,Middle,2.62,6.92,Jayce,Jayce,10,12539
5.3,19.51,48.3,2.06,20,27388,5.95,204.4,10.07,16367,2.98,1770,0,Middle,2.29,7.96,Ziggs,Ziggs,-8,12882
5.77,21.19,48.48,0.59,28,25400,6.54,192.7,8.65,17379,3.23,1949,0,Middle,2.36,7.57,Varus,Varus,7,12603
5.16,53.96,48.78,1.82,9,26322,6.61,181.8,6.92,15733,3.45,1809,0,Middle,1.55,8.22,Xerath,Xerath,6,12509
5.71,23.08,47.06,2.45,40,20653,7.77,159,6.23,23683,3.82,2247,0,Middle,1.58,6.39,Kassadin,Kassadin,-6,11960
6.18,27.81,45.68,2.8,33,22576,7.13,191.5,8.37,17298,3.27,1605,0,Middle,1.98,6.45,Syndra,Syndra,-13,12608
6.11,59.19,46.85,2.46,25,23903,6.02,189.6,9.82,19667,2.85,2117,0,Middle,2.08,7.01,Azir,Azir,6,12410
6.31,84.57,49.58,0.43,31,27525,6.38,172.1,10.02,17633,2.82,1764,0,Middle,2.3,8.44,Zyra,Zyra,2,12656
5.28,66.62,52.98,1.79,1,27835,6.81,185.3,6.46,16789,3.51,1915,0,Middle,1.78,8.38,Velkoz,Vel'Koz,7,12717
5.83,81.03,50.23,1.07,30,21920,6.34,162.8,3.12,18891,3.05,2000,0,Middle,1.16,7.41,Kennen,Kennen,12,11746
4.33,27.49,51.45,1.53,35,19519,4.24,180.6,6.78,20499,2.31,5087,0,Middle,1.79,9.69,Zilean,Zilean,-3,11766
5.51,63.54,52.14,3.75,8,23458,6.05,184.2,8.02,19114,2.97,1756,0,Middle,2.33,7.17,Malzahar,Malzahar,2,12425
6.38,52.23,46.61,1.05,44,22979,5.68,182.7,7.38,29754,2.57,20377,0,Middle,2.88,6.69,Vladimir,Vladimir,1,11961
4.53,71.59,51.72,4.05,2,22793,6.43,187.8,10.75,23851,3.59,7697,0,Middle,2.69,7.21,Anivia,Anivia,3,12648
5.72,46.99,52.73,1.8,23,18750,6.03,187.5,11.98,23327,2.92,8511,0,Middle,3.53,7.03,Kayle,Kayle,7,12422
5.75,35.89,45.48,4.59,27,23020,6.23,193.6,9.21,16916,3.06,1643,0,Middle,2.01,6.72,Viktor,Viktor,-14,12404
5.11,34.01,50.02,1.38,36,22149,5.4,169.9,6.03,17458,2.78,2213,0,Middle,1.74,9.09,Karma,Karma,3,12000
5.2,61.53,50.6,1.45,13,20259,6.92,185.1,10.58,29426,3.66,7754,0,Middle,3.49,6.29,Chogath,Cho'Gath,13,12561
6.2,40.5,50.17,2.5,22,26735,6.98,158,6.71,19589,3.19,1930,0,Middle,1.54,7.92,Brand,Brand,-3,12205
7.15,59.88,48.69,1.36,39,19783,9.32,144,6.63,26860,3.97,4180,0,Middle,2.85,5.82,Akali,Akali,4,12144
5.21,33.28,50.06,1.38,12,23610,6.42,208.2,9.85,24947,3.22,6014,0,Middle,2.89,7.84,Gangplank,Gangplank,-6,13898
6.92,41.53,52.95,5.98,10,22706,8.82,167,6.92,22756,3.78,1842,0,Middle,2.36,6.71,Talon,Talon,-3,12688
5.22,29.38,45.36,6.68,38,19399,5.36,190.1,10.53,16645,2.78,1764,0,Middle,2.2,8.74,Orianna,Orianna,-15,12184
6.48,61.45,49.59,6.6,11,22705,8.93,173.1,3.23,18700,4.13,1778,0,Middle,1.29,6.64,Katarina,Katarina,13,12494
5.75,24.5,47.41,4.76,41,19379,5.36,191.2,7.07,21484,2.58,2807,0,Middle,1.82,8.21,Lissandra,Lissandra,-16,12116
5.95,56.38,51.21,5.53,15,21612,7.12,166.7,5.12,18263,3.37,1698,0,Middle,1.4,7.23,Annie,Annie,-4,12060
6.41,61.89,50.04,4.13,18,21229,7.72,164.9,12.16,19921,3.56,1604,0,Middle,3.57,6.31,Diana,Diana,4,12471
5.99,45.65,51.32,8.17,7,21041,6.24,174.3,8.61,19291,3.01,1968,0,Middle,2.02,8.21,TwistedFate,Twisted Fate,2,12829
6.5,34.75,46.34,3.3,43,20167,7.33,158.6,7.38,24366,3.32,4370,0,Middle,1.96,6.64,Ekko,Ekko,-7,12092
6.42,51.21,50.69,7.86,21,19806,9.02,147.5,7.23,20664,4.01,1841,0,Middle,1.9,5.87,Fizz,Fizz,-4,12249
4.66,25.87,49.26,4.22,42,15825,4.3,169.4,5.51,18500,2.27,1817,0,Middle,1.37,9.63,Lulu,Lulu,-14,11505
7.28,84.23,49.06,10.8,17,19387,6.82,200.8,10.32,22047,2.91,1150,0,Middle,5.04,6.67,Yasuo,Yasuo,-1,12869
4.76,50.37,52.65,3.2,14,21315,5.42,175.3,5.22,20317,2.87,1491,0,Middle,1.42,9.61,Morgana,Morgana,0,12312
4.74,34.52,53.29,19.52,3,23351,6.53,175.4,6.21,14215,3.56,1557,0,Middle,1.58,9.36,Lux,Lux,-1,12380
5.59,20.17,50.55,4.38,6,25258,7.47,191.3,11.19,20846,3.69,2398,0,Middle,3.14,6.89,Corki,Corki,-3,12821
5.32,37.46,46.5,12.29,26,20986,8.09,154.8,6.08,18297,4.05,2072,0,Middle,1.57,6.03,Leblanc,LeBlanc,-8,12065
5.23,54.25,52.64,14.34,4,22971,6.75,178,6.59,18779,3.41,3688,0,Middle,1.88,7.78,Ahri,Ahri,-3,12358
5.87,13.82,46.84,1.68,34,22927,7.09,180.7,6.69,17916,3.44,1792,0,Middle,2.02,7.57,Jhin,Jhin,7,12347
6.07,53.41,52.18,14.93,5,22449,8.58,186.5,6.35,20594,3.9,2004,0,Middle,2.59,5.58,Zed,Zed,-1,12914
6.14,26.09,44.71,0.12,18,20627,6.38,176.1,5.84,19859,3,3069,0,ADC,1.4,7.06,Urgot,Urgot,0,12196
6.03,29.3,51.07,1.38,13,23444,7.17,195.2,7.69,18401,3.37,2879,0,ADC,2.58,8.14,Varus,Varus,2,13089
6.02,31.72,52.63,3.02,8,22929,8.42,184.2,9.27,19716,3.89,3060,0,ADC,2.87,6.7,Twitch,Twitch,3,13072
5.89,31.54,52.86,4.4,12,21572,6.35,190.2,8.12,17785,3.01,2711,0,ADC,2.56,8.46,Ashe,Ashe,2,12694
6.07,90.31,50.51,4.67,15,22214,7.04,190.8,8.65,19830,3.25,2414,0,ADC,2.92,6.44,Draven,Draven,-2,13700
5.93,27.5,51.56,4.83,11,23533,6.71,196.3,6.77,19047,3.19,2841,0,ADC,2.24,8.33,MissFortune,Miss Fortune,-5,12924
5.34,30.13,47.84,7.4,17,19856,6.96,194.9,8.57,19305,3.36,2839,0,ADC,2.62,6.19,Tristana,Tristana,-1,12776
5.25,26.27,52.99,7.68,6,22476,5.81,225.8,8.5,18231,2.89,3166,0,ADC,2.63,8.52,Sivir,Sivir,11,13305
6.29,10.24,52.78,8.11,5,23869,7.59,199.1,11.42,19671,3.43,3299,0,ADC,2.92,7.03,KogMaw,Kog'Maw,-3,13360
5.79,80.4,50.77,8.49,9,21405,6.97,196.8,9.02,18283,3.42,2658,0,ADC,2.71,7.35,Jinx,Jinx,-1,12912
5.92,48.07,51.66,10.95,10,20014,7.31,188.8,9.66,20810,3.49,3773,0,ADC,3.66,6.64,Kalista,Kalista,-3,12703
5.36,35.82,54.03,3.52,1,22802,7.35,203.5,9.71,20948,3.65,3494,0,ADC,3.36,7.22,Graves,Graves,4,13311
4.95,31.68,50.3,26.77,2,25712,6.84,193.1,7.15,17852,3.52,2952,0,ADC,2.44,8.17,Ezreal,Ezreal,-1,12822
5.37,22.99,50.92,7.35,4,24512,7.24,196.9,8.88,20571,3.61,3303,0,ADC,2.7,7.61,Corki,Corki,-1,13058
6.02,88.41,50.02,20.14,16,20893,7.4,188.6,8.35,20791,3.43,3215,0,ADC,2.54,5.85,Vayne,Vayne,-4,12770
5.47,14.32,50.89,12.19,3,24085,7.44,189.4,6.41,17720,3.68,2750,0,ADC,2.05,8.33,Jhin,Jhin,6,12867
5.67,34.01,49.32,18.13,14,22763,5.92,202.1,8.12,18306,2.89,2588,0,ADC,2.34,7.06,Caitlyn,Caitlyn,-4,12714
5.48,47.41,49.14,40.71,7,21723,6.97,211.9,9.57,19585,3.38,3057,0,ADC,2.96,6.79,Lucian,Lucian,-3,13230
6.12,18.21,45.69,0.11,24,12739,2.25,53.5,1.51,24036,0.89,5697,0,Support,0.53,12.55,Galio,Galio,-1,10167
6.2,14.84,40.61,0.17,25,8996,2.06,44.5,3.19,25208,0.78,4546,0,Support,1.21,11.95,Nunu,Nunu,0,9649
5.09,43.08,52.11,1.72,19,6335,1.34,46.4,0.36,26577,0.44,13988,0,Support,0.28,13.33,Taric,Taric,1,9432
6.87,88.03,52.09,2.41,11,21623,3.75,44.6,2.49,16526,1.47,1096,0,Support,1.18,11.23,Zyra,Zyra,4,11236
6.14,81.23,51.23,1.43,10,22604,4.2,49,1.68,15873,1.92,1162,0,Support,0.89,10.66,Velkoz,Vel'Koz,11,11334
5.03,53.21,51.3,2.23,8,13136,2.42,42.9,1.08,16792,1.08,3094,0,Support,0.67,12.72,Zilean,Zilean,6,10466
5.77,40.96,48.84,2.24,17,14413,2.38,35.6,1.02,16359,0.98,1491,0,Support,0.67,12.6,Karma,Karma,2,10419
7.11,42.44,51.04,2.2,18,21753,4.23,40.5,2.07,17956,1.74,1282,0,Support,0.99,10.42,Brand,Brand,0,11180
5.72,85.28,52.31,4.9,3,13343,2.63,20.6,0.42,17246,1.14,9632,0,Support,0.35,13.55,Sona,Sona,0,10176
5.43,15.12,44.11,2.67,23,8897,1.83,49.2,0.75,28004,0.7,6400,0,Support,0.57,10.52,TahmKench,Tahm Kench,-1,9504
4.42,27.51,50.87,0.95,15,7007,1.91,50.5,0.99,30075,0.81,10649,0,Support,0.4,13.06,Trundle,Trundle,-3,9713
4.76,75.75,51.14,6.87,2,8681,1.5,14.8,0.13,16109,0.57,10883,0,Support,0.13,14.72,Nami,Nami,0,9723
6.9,53.01,46.09,1.59,22,14783,3.64,34.9,1.17,16459,1.47,1090,0,Support,0.52,10.14,Annie,Annie,2,10266
5.65,41.7,48.38,8.66,9,11808,2.52,23,0.34,18946,1.06,4962,0,Support,0.34,13.1,Bard,Bard,-2,10071
4.97,39.81,52.28,9.58,14,3904,0.53,13.9,0.17,13392,0.09,24094,0,Support,0.11,13.89,Soraka,Soraka,-5,8994
5.78,70.45,50.48,10.16,16,8158,1.84,46.5,0.23,24865,0.67,3190,0,Support,0.23,13.26,Leona,Leona,-5,9709
5.73,45.22,49.62,14.35,5,12981,2.31,29.6,0.5,17571,0.93,1083,0,Support,0.43,13.45,Morgana,Morgana,1,10418
5.59,91.6,48.22,26.89,7,7905,1.81,36.1,0.18,22333,0.68,2632,0,Support,0.19,13.64,Thresh,Thresh,6,9227
5.78,17.92,48.05,1.87,21,10843,2.77,51.7,1.91,24159,1.18,3229,0,Support,0.79,10.41,Poppy,Poppy,-5,9886
5.31,39.67,46.5,4.97,20,8987,1.65,26.3,0.4,16388,0.63,1185,0,Support,0.3,13,Lulu,Lulu,-3,9799
5.59,49.2,52.64,13.2,6,9966,2.27,42.1,0.31,23676,0.91,2998,0,Support,0.39,12.49,Blitzcrank,Blitzcrank,2,9757
5.07,44.2,50.65,15.8,4,7793,1.35,43.3,0.15,24859,0.47,3362,0,Support,0.2,14,Braum,Braum,0,9437
4.03,76.27,54.46,23.66,1,4835,0.83,15.2,0.09,15014,0.24,5924,0,Support,0.11,14.38,Janna,Janna,0,9316
4.8,29.78,49.35,18.29,13,6549,1.35,42.6,0.25,27137,0.47,10341,0,Support,0.19,13.42,Alistar,Alistar,-8,9283
5.54,47.83,51.97,7.58,12,9998,1.95,53,0.65,23252,0.76,3156,0,Support,0.4,12.56,Nautilus,Nautilus,-2,9723
