minionsKilled,role,overallPositionChange,assists,deaths,key,overallPosition,title,totalDamageDealtToChampions,winPercent,kills,neutralMinionsKilledTeamJungle,experience,banRate,largestKillingSpree,goldEarned,totalDamageTaken,playPercent,neutralMinionsKilledEnemyJungle,totalHeal
173.9,Top,2,7.61,6.56,Yorick,48,Yorick,27743,48.19,5.05,4.45,26.77,0.17,2.21,12175,36941,0.49,2.21,14366
181.4,Top,-11,6.46,6.13,Urgot,53,Urgot,22516,48.73,6.24,4.02,87.32,0.19,2.89,12190,20018,0.36,1.5,1861
186.2,Top,-3,6.17,5.96,Aatrox,50,Aatrox,18733,47.85,5.64,7.63,159.97,0.35,2.81,12545,30836,0.57,4.55,14247
198.1,Top,8,10.62,5.39,Galio,16,Galio,22021,53.51,4.8,3.21,59.62,0.09,2.44,12563,31765,0.25,1.41,9639
190.4,Top,0,7.85,5.53,DrMundo,41,Dr. Mundo,21814,47.66,4.88,3.43,35.78,0.13,2.45,12269,38417,1.4,2.21,10944
223.8,Top,-1,8,6.82,Singed,27,Singed,22546,50.97,4.12,1.5,132.11,0.12,1.86,12723,36893,2.09,2.05,4021
173.3,Top,-4,9.19,6.14,Rammus,55,Rammus,19567,47.55,4.5,3.18,71.18,0.55,2.05,11857,29252,0.35,1.45,2987
201.3,Top,13,9.14,7.25,Karthus,19,Karthus,30827,53.68,7.21,8.97,243.2,0.06,2.66,13455,23999,0.22,2.19,4327
208.2,Top,-4,6.35,6.38,Heimerdinger,52,Heimerdinger,25783,46.1,4.41,2.49,261.26,0.13,1.91,12537,21035,0.68,1.48,1449
185.8,Top,5,5.97,6.91,Mordekaiser,49,Mordekaiser,22925,51.06,6.12,5.89,135.66,0.21,2.79,12532,20012,0.93,3.25,11089
172.3,Top,-4,10.03,5.84,Maokai,47,Maokai,18614,48.94,4.3,2.89,38.97,0.21,2.06,11678,33178,1.95,1.22,8875
198.6,Top,0,6.32,5.91,Nasus,33,Nasus,19448,49,5.15,4.49,78.55,0.46,2.52,12562,36215,3.42,2.15,1476
188.3,Top,5,8.23,6.63,Rumble,18,Rumble,25739,51.76,6.62,4.34,90.55,0.18,3.04,12715,24748,2.46,2.15,2175
183.5,Top,1,6.67,7.3,Quinn,35,Quinn,24515,52.87,8.42,5.56,84.42,0.13,3.52,13128,22475,1.23,3.42,1881
192.5,Top,0,7.03,6.58,Jayce,34,Jayce,25830,50.53,7.52,6.03,77.43,0.09,3.37,13135,22902,1.76,2.72,2037
168,Top,1,7.78,5.86,Poppy,51,Poppy,19864,48.88,5.43,3.25,71.84,0.09,2.59,11995,27477,1.4,1.84,2572
216.8,Top,6,4.59,6.32,Tryndamere,10,Tryndamere,19558,52.04,6.44,8.18,128.21,0.51,2.86,13724,36368,3.35,7.53,8227
190.8,Top,1,6.62,5.38,Chogath,39,Cho'Gath,19373,48.51,5.96,5.67,71.56,0.45,3.09,12589,33832,1.77,2.71,9366
184.5,Top,0,8.23,5.85,Swain,5,Swain,25099,52.45,5.31,4.34,50.94,7.99,2.58,12297,32891,1.71,1.68,12347
190.8,Top,0,6.34,6.68,Ryze,45,Ryze,22104,42.54,5.63,5.97,22.17,6.26,2.55,12418,23439,1.75,2.67,3819
160.1,Top,3,7.47,5.89,Volibear,43,Volibear,18182,48.88,6.03,3.76,104.52,1.66,2.94,11894,35109,1.01,2.21,2590
202.5,Top,0,8.22,5.82,Lissandra,37,Lissandra,20764,51.07,5.04,3.94,49.66,0.3,2.36,12412,23266,1.22,1.6,4347
170,Top,6,5.53,7.1,Akali,25,Akali,21827,51.97,9,5.25,167.02,3.04,3.89,12787,28031,2.13,2.98,4980
157.2,Top,-10,6.84,6.88,Pantheon,22,Pantheon,22762,52.07,8.55,3.77,118.49,1.12,3.68,12487,23905,3.72,1.84,2171
195.8,Top,2,6.26,7.01,Teemo,9,Teemo,29471,52.29,6.81,4.47,105.65,0.81,2.89,13247,23112,3.94,3.38,3175
181.6,Top,-6,7.41,5.97,Kennen,14,Kennen,23792,51.75,6.36,2.58,48.8,1.93,3.05,12362,21535,3.02,1.25,2332
180.7,Top,-3,9.76,6.73,JarvanIV,24,Jarvan IV,20897,51.89,7.26,5.75,63.19,0.24,3.22,12954,27100,1.8,2.77,2360
186.2,Top,-7,7.86,5.55,Trundle,32,Trundle,17473,48.17,5.05,3.8,35.86,1.17,2.47,12198,37321,3.64,2.26,12418
207.7,Top,2,5.88,6.88,Illaoi,2,Illaoi,26873,51.51,6.11,2.65,46.2,20.3,2.72,12930,34431,5.73,1.77,6931
185.8,Top,0,6.42,6.52,Olaf,20,Olaf,21389,49.47,6.63,4.17,64.48,1.74,2.99,12664,32136,3.55,2.83,4227
195.4,Top,1,7.08,6.52,Vladimir,26,Vladimir,22941,46.56,5.28,4,42.73,31.52,2.36,12314,31517,3.09,1.8,22844
173.7,Top,-1,11.6,5.01,Shen,40,Shen,15035,49.02,4.08,2.76,64.31,0.98,2.1,11808,27408,5.19,1.25,2671
200.5,Top,2,6.78,6.13,Renekton,4,Renekton,20299,51.61,6.33,4.68,63.98,0.99,2.98,12861,35374,6.61,3.55,6449
54.5,Jungle,0,7.86,5.78,Aatrox,49,Aatrox,16955,47.97,6.34,66.27,87.96,0.35,3.1,12405,35256,0.26,11.13,21186
121.1,Jungle,-4,10.11,6.71,AurelionSol,33,Aurelion Sol,23590,52.05,7.62,38.86,70.34,0.52,3.61,13008,28862,0.2,5.69,5897
72.7,Jungle,6,7.68,5.87,Mordekaiser,47,Mordekaiser,19422,51.72,6.18,64.42,71.59,0.21,2.99,12476,19900,0.3,10.03,12058
52,Jungle,1,7.8,7.17,Kindred,37,Kindred,20899,48.51,7.08,62.97,45.17,1.12,2.98,12478,26637,1.69,14.95,10160
55.7,Jungle,2,9.53,5.54,DrMundo,32,Dr. Mundo,20365,48.99,5.81,65.34,43.95,0.13,2.92,12342,44783,0.27,10.69,14800
44.6,Jungle,1,9.19,6.31,Evelynn,19,Evelynn,20795,49.52,8.51,62.6,111.41,1.12,3.92,12643,29092,3.61,9.97,6483
43.8,Jungle,4,8.71,6.05,Vi,29,Vi,16297,51.51,6.79,68.22,88.93,0.45,3.14,12343,27825,5.79,9.86,6000
45.4,Jungle,1,8.6,5.57,Nidalee,1,Nidalee,19675,51.57,7.54,73.54,72.54,4.23,3.72,12886,31578,6.62,14.97,15289
43.5,Jungle,1,11.92,5.48,Amumu,6,Amumu,17219,54.1,5.27,66.95,55.94,2.24,2.59,12078,32303,7.41,8.13,6809
46.6,Jungle,0,9.69,5.84,Hecarim,4,Hecarim,17903,50.39,7.27,66.51,31.63,55.05,3.44,12443,39688,7.31,8.98,12462
57.6,Jungle,8,7.04,7.48,Twitch,35,Twitch,22009,49.63,9.19,65.16,48.1,0.81,3.7,13101,24890,1.21,8.43,5473
65.6,Jungle,-4,5.45,7.26,MasterYi,17,Master Yi,19086,47.94,8.98,73.38,114.72,2.74,3.71,13476,30782,7.89,11.42,7433
52.3,Jungle,-4,7.59,6.92,Fizz,43,Fizz,19025,46.29,8.52,60.11,52.36,14.6,3.55,12657,27072,1.6,7.93,5464
51.1,Jungle,-5,6.7,6.82,Rengar,15,Rengar,18461,48.05,8.64,72.47,104.89,5.96,3.69,13131,29600,8.15,11.35,9339
43.1,Jungle,1,12.34,4.55,Zac,2,Zac,17341,51.73,5.61,63.74,63.84,8.09,3.08,11932,40638,8.96,7.82,31199
55.1,Jungle,4,6.86,6.38,Jax,13,Jax,17288,52.26,7.48,66.54,67.33,3.85,3.29,12845,29650,3.41,10.99,7305
72.4,Jungle,0,7.64,5.99,Graves,5,Graves,22067,50.87,7.62,73.05,46.66,3.15,3.52,13308,25712,8.3,12.02,6487
167.1,Middle,5,7.26,7.62,Talon,28,Talon,23822,50.84,9.32,6.72,114.1,0.14,3.74,13054,24186,1.99,2.48,2075
196.8,Middle,-2,8.48,6.1,Ziggs,19,Ziggs,29373,50.63,6.84,9.9,53.91,0.03,3.18,13191,17552,2.42,2.45,1897
182.6,Middle,-7,7.61,6.54,Jayce,30,Jayce,25765,49.06,8.19,8.64,95.62,0.09,3.69,13001,21479,0.81,3.02,1901
169.2,Middle,-25,8.44,6.69,TwistedFate,46,Twisted Fate,21317,47.82,6.6,8.03,68.08,0.13,3.03,12900,20408,2.43,2.03,2644
196.3,ADC,3,8.59,6.71,Varus,13,Varus,24900,49.65,7.75,8.25,34.29,0.03,3.4,13477,19475,1.45,2.75,2986
202.8,ADC,0,7.49,6.73,KogMaw,2,Kog'Maw,27619,53.78,8.9,12.15,27.3,1.53,3.85,14082,20233,3.68,3.08,3491
185.3,ADC,-1,7.02,6.71,Twitch,9,Twitch,23938,51.15,9.19,10.02,43.27,0.81,3.95,13513,20463,6.17,3.06,3010
202,ADC,0,6.69,5.87,Tristana,11,Tristana,21856,50.05,7.92,9.97,50.72,0.09,3.66,13490,20483,9.48,3.21,3025
205.7,ADC,3,7.83,6.31,Caitlyn,7,Caitlyn,24059,50.08,6.66,9.43,47.87,1.52,3.09,13321,19604,17.88,2.94,2725
187.7,ADC,0,6.25,6.79,Vayne,15,Vayne,21393,46.88,7.77,8.55,105.85,4.59,3.36,13035,22501,17.7,2.71,3530
194.7,ADC,0,8.71,5.59,Ezreal,5,Ezreal,26537,48,7.42,7.55,69.37,0.34,3.55,13239,19770,17.79,2.64,3218
204.1,ADC,-1,7.13,6.02,Lucian,8,Lucian,22173,46.87,7.84,8.82,69.34,1.02,3.63,13437,21806,25.56,2.62,3426
47.8,Support,0,13.18,7.21,Nunu,26,Nunu,9528,35.72,2.24,4.11,7.53,0.07,0.85,10118,28831,0.16,1.7,5238
53.6,Support,1,11.27,6.57,Poppy,24,Poppy,10778,42.58,2.76,1.74,115.78,0.09,1.12,10224,26059,0.28,0.79,3200
53.8,Support,1,14.29,5.13,Trundle,10,Trundle,7641,50.65,2.09,1.48,46.21,1.17,0.83,10123,32102,0.73,0.5,11635
18.7,Support,0,14.99,6.19,Sona,1,Sona,12605,53.83,2.6,0.42,84.49,6.69,1.05,10300,18490,10.88,0.33,11248
15.3,Support,0,15.94,5.4,Soraka,3,Soraka,5187,54.76,0.74,0.24,118.11,10.46,0.17,9555,15044,11.36,0.16,23756
14.1,Support,0,15.77,4.38,Janna,2,Janna,4726,53.5,0.87,0.09,100.83,1.04,0.25,9604,16532,17.36,0.11,6893
163.1,Top,-1,5.63,7.51,XinZhao,54,Xin Zhao,21230,48.71,7.08,6.14,60.32,0.28,2.98,12400,31553,0.59,3.36,7513
190.8,Top,-12,9.69,6.11,Sion,31,Sion,20819,51.58,4.99,2.53,79.2,0.07,2.26,12476,34766,1.99,1.59,15802
165.7,Top,-2,8.53,5.61,TahmKench,46,Tahm Kench,19009,47.47,5.53,2.89,41.21,0.99,2.71,11943,35581,0.95,1.77,7288
187.5,Top,-1,6.08,5.68,Garen,23,Garen,20627,49.26,6.65,3.09,52.93,0.74,3.23,12640,32796,3.65,2.18,1893
186.2,Top,-7,7.09,6.05,Malzahar,42,Malzahar,21700,50.41,5.12,4.93,70.23,27.35,2.32,12199,17964,0.56,1.74,1859
196,Top,3,6.51,6.19,Cassiopeia,11,Cassiopeia,23462,53.25,6.56,6.95,92.7,3.81,3.08,12767,23372,0.7,2.62,6707
209.8,Top,1,6.49,6.37,Kayle,8,Kayle,20875,54.06,6.1,7.99,118.37,1.13,2.81,13158,25022,2.45,3.85,8226
176.5,Top,-2,6.76,6.21,MonkeyKing,12,Wukong,21262,52.73,7.42,4.59,149.46,0.57,3.46,12667,25230,3.42,2.29,2454
169.2,Top,-8,9.35,5.09,Malphite,36,Malphite,18634,49.51,4.88,2.97,49.5,3.04,2.49,11873,23536,5.05,1.23,2408
190.2,Top,-1,6.03,6.41,Irelia,3,Irelia,20190,51.42,7.58,3.1,77.56,45.94,3.5,12719,31474,7.81,1.98,8360
180.6,Top,-1,7.86,6.19,Gnar,30,Gnar,21881,48.72,5.62,3.52,48.07,1.21,2.67,12206,30069,8.55,1.98,2454
188.7,Top,1,5.46,6.59,Fiora,17,Fiora,20778,48.76,7.04,4.83,58.04,5.28,3.19,12687,31522,9.19,2.88,7822
174.7,Top,-6,5.4,7.3,Rengar,44,Rengar,20782,48.09,8.36,11.37,210.32,5.96,3.54,13192,26449,1.41,5.68,4207
183.3,Top,2,5.01,6.74,Jax,28,Jax,19470,51.07,6.94,6.02,92.55,3.85,3.06,12772,28300,6.3,3.61,3722
193.9,Top,-4,5.46,6.54,Riven,21,Riven,18947,50.57,7.26,6.61,140.96,1.41,3.3,12964,24381,10.47,4.37,2432
181.9,Top,0,6.07,6.63,Darius,7,Darius,19932,51.37,7.11,2.92,83.85,28.01,3.28,12435,34702,9.72,1.72,5192
211.4,Top,0,6.12,6.86,Graves,15,Graves,24121,50.23,6.65,8.3,42.05,3.15,2.99,13369,25928,1.84,4.02,4407
218.1,Top,0,8.38,6,Gangplank,1,Gangplank,25854,52.55,6.79,5.97,48.91,27.71,3.21,14622,25775,10.47,2.4,6651
175.3,Top,11,10.11,5.63,Nautilus,38,Nautilus,17379,50.42,4.09,2.53,69.43,4.57,1.99,11704,26245,2.39,1.15,2574
180.7,Top,0,7.52,5.97,Ekko,13,Ekko,20091,49.28,6.03,3.55,45.19,9.67,2.93,12350,31197,7.63,1.74,5608
211.1,Top,-3,5.97,7.39,Yasuo,6,Yasuo,21008,51.33,6.69,6.74,98.33,32.03,2.87,13262,25684,10.99,4.51,1593
44.3,Jungle,-4,11.3,5.17,Nunu,52,Nunu,12765,48,4.05,59.21,50.86,0.07,2.06,11605,39651,0.63,13.11,13986
40.2,Jungle,-2,9.44,5.59,Poppy,54,Poppy,15886,44.68,5.29,58.52,41.43,0.09,2.52,11468,30330,0.42,8.11,5896
59.1,Jungle,-4,7.56,5.4,Udyr,45,Udyr,13342,48.54,5.47,67.94,84.71,0.2,2.7,12468,32774,2.24,12.68,7624
60.6,Jungle,-8,8.3,7.69,Quinn,53,Quinn,21306,47.28,8.36,58.92,75.56,0.13,3.41,12870,26208,0.41,9.51,5785
41.5,Jungle,7,10.54,4.86,Skarner,21,Skarner,13454,54.85,5.12,67.5,56.61,0.33,2.64,12030,30341,2.72,11.57,7518
42,Jungle,-7,12.22,5.58,Rammus,38,Rammus,15773,51.21,4.53,57.85,63.53,0.55,2.17,11535,34540,2.4,6.51,7766
44.4,Jungle,-4,12.34,5.8,Maokai,51,Maokai,15826,50.23,4.59,57.1,37.82,0.21,2.17,11471,39395,0.56,6.99,12803
36.3,Jungle,2,9.41,5.59,Warwick,34,Warwick,15295,51.71,6.5,65.45,72.25,0.11,3.1,12092,38674,2.65,8.51,19167
64.2,Jungle,-6,7.71,5.37,Shyvana,20,Shyvana,18383,49.44,6.54,76.84,53.32,0.17,3.24,13252,34997,2.82,15.78,7828
68.2,Jungle,3,12.13,5.78,Sion,39,Sion,18644,51.91,5.41,55.38,86.6,0.07,2.46,12275,39202,0.38,6.5,20461
65.3,Jungle,-16,8.75,5.04,Chogath,41,Cho'Gath,17437,46.72,6.4,66.59,51.54,0.45,3.41,12606,37601,0.43,9.3,11486
68.5,Jungle,-2,10.22,6.07,Rumble,26,Rumble,23447,50.65,7.27,70.44,77.2,0.18,3.51,13144,28791,0.95,10.27,6187
55.3,Jungle,-6,7.77,6.19,Nocturne,28,Nocturne,18229,49.38,8.17,72.56,64.15,0.23,3.73,13072,31795,3.58,9.68,9283
39.5,Jungle,4,10.65,5.2,TahmKench,42,Tahm Kench,15889,48.18,5.47,57.58,39.53,0.99,2.79,11655,42392,0.7,8.47,12738
78.7,Jungle,4,6.41,6.19,Tryndamere,40,Tryndamere,16853,48.74,6.59,68.93,163.31,0.51,2.92,13285,38565,0.53,13.52,13556
46.8,Jungle,1,10.08,5.91,FiddleSticks,8,Fiddlesticks,20336,53.25,6.67,71.29,156.04,0.55,3.22,12511,30726,3.48,8.26,16833
45.3,Jungle,-4,7.59,6.88,XinZhao,27,Xin Zhao,18552,51.92,7.36,61.41,78.87,0.28,3.1,12429,34468,3.63,10.47,12892
47.7,Jungle,-1,12.09,4.78,Sejuani,16,Sejuani,15984,52.71,5.05,65.2,59.03,0.3,2.64,11991,37794,4.21,8.19,7882
75.6,Jungle,2,7.88,6.07,Kayle,25,Kayle,19270,51.63,7.08,72.28,75.58,1.13,3.17,13162,29052,0.79,9.56,11245
43.7,Jungle,-1,9.85,5.19,Volibear,7,Volibear,16436,52.28,6.75,58.89,86.79,1.66,3.44,12110,40138,3.66,8.91,7278
51.7,Jungle,0,8.3,6.52,Pantheon,50,Pantheon,17959,49.62,7.95,52.81,93.65,1.12,3.53,12210,26863,1.04,6.36,5678
47.2,Jungle,-3,12.79,5.94,JarvanIV,24,Jarvan IV,16408,52.54,6.43,62,41.57,0.24,3.04,12296,31059,3.46,8.44,6745
59.8,Jungle,3,8.02,6.46,Diana,23,Diana,20850,49.4,8.1,72.63,90.73,1.92,3.67,13167,24139,2.06,10.3,4476
70.6,Jungle,4,6.82,7.34,KogMaw,14,Kog'Maw,27035,52.99,9.69,77.95,37.58,1.53,3.83,14075,24076,1.55,8.74,4920
40.2,Jungle,1,8.84,6.1,Elise,36,Elise,18255,48.98,7.02,61.78,56.45,0.49,3.22,12156,26964,5.74,9.77,7583
51,Jungle,-1,10.17,5.36,Trundle,31,Trundle,15913,48.44,5.81,61.44,33.71,1.17,2.84,12156,42693,1.38,8.9,17956
53.8,Jungle,-2,9.15,5.56,Olaf,10,Olaf,18577,50.58,6.85,65.77,27.41,1.74,3.31,12543,39437,2.4,10.36,9173
57,Jungle,4,7.55,6.42,Shaco,12,Shaco,19741,52.23,8.57,56.19,147.01,1.7,3.74,12991,26478,5.54,12.15,5728
47,Jungle,1,10.4,4.91,RekSai,11,Rek'Sai,15083,49.4,5.24,67.93,65.92,2.48,2.74,12107,39626,6.21,12.79,14446
52.7,Jungle,1,8.53,5.84,MonkeyKing,18,Wukong,18796,52.03,7.57,65.37,134.44,0.57,3.53,12588,29370,2.94,7.87,7466
47.6,Jungle,-8,10.96,5.13,Malphite,48,Malphite,16163,46.93,5.14,60.65,32.27,3.04,2.57,11747,27375,0.94,5.98,5499
43.5,Jungle,5,12.11,5.33,Nautilus,46,Nautilus,13980,48.49,4.04,56.04,58.84,4.57,1.95,11180,28774,2.1,6.45,5457
40.5,Jungle,2,11.2,5.01,Gragas,9,Gragas,16011,50.72,4.99,64.89,36.31,4.04,2.56,11782,34161,12.67,9.8,12132
56.6,Jungle,10,9.53,5.96,Ekko,22,Ekko,18689,48.51,6.91,58.31,50.69,9.67,3.21,12305,34233,3.21,7.35,9385
45.1,Jungle,-2,6.6,6.28,Khazix,3,Kha'Zix,20307,50.83,9.36,68.88,61.13,9.38,4.22,13058,31105,12.65,12.6,10534
41.6,Jungle,5,9.49,6.33,LeeSin,30,Lee Sin,16124,46.75,7.01,61.75,92.89,1.75,3.21,12173,31985,18.92,10.52,6739
178,Middle,0,9.23,6.34,AurelionSol,26,Aurelion Sol,24407,50.62,7.32,7.52,46.77,0.52,3.51,12579,26129,0.95,2.36,4629
182.4,Middle,-1,10.7,5.61,Galio,32,Galio,23854,52.08,5.88,5.67,29.05,0.09,2.91,12372,28887,0.74,1.94,8733
166.9,Middle,1,6.89,7,Mordekaiser,44,Mordekaiser,22796,52.31,7.08,10.12,111.72,0.21,3.11,12410,18750,0.25,3.82,10603
186.2,Middle,4,7.52,6.24,Heimerdinger,42,Heimerdinger,25961,51.88,5.04,3.91,206.2,0.13,2.27,12256,19745,0.74,1.43,1497
193.4,Middle,2,9.57,7.22,Karthus,12,Karthus,32057,52.78,7.96,13.13,119.45,0.06,3.06,13524,24750,1.17,2.67,4585
188.3,Middle,-2,7.68,6.46,Corki,29,Corki,27262,47.26,8.01,10.9,37.26,0.21,3.65,13186,22775,0.53,3,2885
195.3,Middle,9,8.28,6.23,Varus,35,Varus,27269,48.12,6.91,8.89,17.42,0.03,3.28,12977,18313,1.04,2.32,2021
180.4,Middle,-7,8.96,5.69,Xerath,16,Xerath,28139,49.8,7.38,7.01,71.14,0.09,3.64,12756,16688,2.72,1.71,1874
185.7,Middle,-3,7.09,6.57,Azir,45,Azir,22626,42.45,5.71,8.85,64.3,3.39,2.58,12243,20479,2.89,1.91,2234
181.2,Middle,-6,6.77,5.66,Chogath,40,Cho'Gath,21301,47.06,7.47,10.31,101.02,0.45,3.79,12767,32110,1.06,3.55,9245
168.8,Middle,2,8.76,6.12,Swain,23,Swain,25996,51.79,6.54,6.5,67.95,7.99,3.13,12238,32537,1.57,1.79,12141
178.3,Middle,0,6.81,6.33,Ryze,43,Ryze,22172,43.11,6.56,8.45,29.07,6.26,3.06,12265,22717,1.99,2.76,3843
191.3,Middle,1,8.98,6.62,Taliyah,7,Taliyah,27033,51.66,7.51,7.97,25.5,1.41,3.42,13019,22247,3.62,2.33,2822
183.2,Middle,2,7.44,6.29,Cassiopeia,14,Cassiopeia,23450,51.53,7.25,9.63,64.61,3.81,3.34,12728,22817,3.63,2.77,6261
158.9,Middle,-5,6.78,6.11,Kassadin,34,Kassadin,22377,47.9,8.55,6.45,31,0.87,4.04,12341,25488,4.13,1.75,4346
176.5,Middle,6,8.15,6.07,Malzahar,24,Malzahar,22951,50.65,6.07,7.45,52.77,27.35,2.79,12340,17869,3.83,1.98,1864
187.4,Middle,2,7.52,6.36,Kayle,38,Kayle,19689,51.58,6.46,11.39,118,1.13,2.93,12691,24584,1.41,3.66,8360
181,Middle,-1,10.75,4.57,Zilean,33,Zilean,20342,52.76,4.53,6.39,64.31,0.82,2.44,11996,23391,1.89,1.9,10966
189.1,Middle,5,8.98,6.06,Lissandra,31,Lissandra,21520,50.34,6.2,6.51,44.08,0.3,2.9,12474,22952,3.55,1.94,4174
184.7,Middle,5,6.97,6.49,Veigar,17,Veigar,24186,48.85,8.43,8.22,51.1,0.54,3.74,13043,18512,4.26,2.29,1990
141.8,Middle,0,6,7.74,Akali,41,Akali,21500,48.69,10.38,5.93,130.13,3.04,4.26,12515,27145,2.65,2.73,4834
195.9,Middle,9,6.82,6.81,Syndra,11,Syndra,25105,50.03,8.3,9.05,52.99,0.39,3.58,13212,18574,5.21,2.57,1738
164.6,Middle,-12,8.02,6.15,Kennen,25,Kennen,24156,51.54,7.63,2.93,42.88,1.93,3.57,12260,21157,2.14,1.31,2239
188.4,Middle,13,9.69,5.7,Orianna,22,Orianna,21961,50.16,6.48,10.29,48.05,0.09,3.19,12702,17674,5.35,2.51,2710
162.5,Middle,2,6.65,6.98,Diana,36,Diana,22497,49.34,8.32,11.25,103.62,1.92,3.65,12674,21679,3.34,3.47,2007
185.4,Middle,0,7.45,6.04,Vladimir,39,Vladimir,22556,46.09,5.82,4.94,38.72,31.52,2.7,11983,30737,3.02,2.03,22076
181.1,Middle,0,7.58,4.87,Anivia,3,Anivia,23913,53.07,7.09,10.5,109.34,2.33,3.86,12842,25805,6.16,2.93,10312
182.3,Middle,0,8.58,5.98,Velkoz,2,Vel'Koz,28768,53.74,7.75,6.37,87.9,0.44,3.69,12956,17983,4.32,1.9,2163
159.2,Middle,2,8.67,6.56,Brand,9,Brand,28087,51.9,7.51,7.4,67.53,3,3.33,12468,22404,4.76,1.95,3134
197,Middle,-1,7.16,5.93,Viktor,5,Viktor,25739,50.07,7.19,9.42,47.38,3.79,3.46,12926,18506,8.4,2.27,1867
140.9,Middle,1,6.27,7.12,Fizz,27,Fizz,21161,49.02,9.52,6.47,80.52,14.6,3.95,12393,21771,6.19,1.81,2048
165.2,Middle,-1,8.02,6.59,Annie,8,Annie,24197,53.47,8.05,5.12,76.59,4.38,3.5,12512,19669,7.26,1.58,2664
180.3,Middle,-5,5.89,6.75,Zed,20,Zed,22139,46.89,8.61,5.4,69.42,48.38,3.68,12848,21883,9,2.14,2181
169.6,Middle,0,9.93,5.83,Lux,10,Lux,24918,49.86,7.34,5.68,66.59,0.32,3.61,12571,15731,8.56,1.61,1787
152.6,Middle,-3,6.42,5.78,Leblanc,15,LeBlanc,22439,48.07,8.77,5.74,46.03,12.7,4.19,12299,19094,11.53,1.72,2190
175,Middle,1,8.3,5.78,Ahri,4,Ahri,24467,52.72,7.37,6.03,80.34,1.08,3.5,12593,19886,12.76,1.98,3891
170.9,Middle,0,7.07,6.98,Katarina,6,Katarina,24527,50.65,10.05,3.21,91.62,2.76,4.45,12909,19833,10.28,1.35,1960
168.1,Middle,0,9.96,5.56,Karma,37,Karma,22329,49.24,5.57,5.77,22.18,1.26,2.71,11928,18358,3.08,1.79,3249
161.5,Middle,11,7.44,6.88,Ekko,13,Ekko,23601,50.2,8.44,6.02,59.41,9.67,3.71,12664,26477,4.82,1.93,5344
174.1,Middle,1,10.26,5.17,Morgana,18,Morgana,22598,52.22,5.96,4.64,94.49,3.4,3,12304,22033,2.47,1.47,2431
210.3,Middle,0,8.82,5.63,Gangplank,1,Gangplank,26519,53.34,7.6,10.31,46.93,27.71,3.65,14642,25078,4.34,3.47,6775
196,Middle,-3,6.49,7.81,Yasuo,21,Yasuo,20716,49.01,7.52,9.36,100.17,32.03,3.1,13097,23679,9.9,5.09,1241
187.2,ADC,0,7.28,7.1,Kalista,17,Kalista,20209,43.91,7.46,9.59,54.66,0.04,3.25,12937,22229,1.15,3.74,3786
191.3,ADC,-1,8.58,6.31,Corki,14,Corki,25392,46.23,7.49,8.83,32.64,0.21,3.42,13280,22363,1.06,2.75,3639
184.7,ADC,-2,8.19,7.38,Quinn,16,Quinn,23793,48.13,8.52,7.5,100.01,0.13,3.55,13434,22592,0.38,3.02,3126
195.3,ADC,-1,8.57,6.37,MissFortune,10,Miss Fortune,25278,53.11,7.9,6.89,46.84,0.15,3.6,13377,20589,6.03,2.31,3112
189.4,ADC,0,6.86,6.91,Draven,12,Draven,23746,49.29,7.95,8.7,116.53,0.44,3.41,14166,22386,7.06,3.11,2505
231.7,ADC,0,9.26,5.69,Sivir,6,Sivir,23481,52.23,6.26,9.08,40.69,0.32,2.99,13845,19197,11.85,2.92,3291
205.1,ADC,-1,7.95,6.37,Jinx,4,Jinx,23206,53.02,7.81,10.41,89.96,0.3,3.64,13623,19387,15.33,3.34,2818
187.2,ADC,0,9.14,5.78,Jhin,1,Jhin,25997,53.42,8.36,6.64,34.71,11.56,3.99,13313,17957,22.88,2.09,2960
197.5,ADC,1,9.03,6.37,Ashe,3,Ashe,22473,53.85,6.79,9.82,27.82,5.97,3.09,13278,18873,23.92,3.14,2863
65.5,Support,1,13.58,6.74,Sion,18,Sion,13328,53.42,2.9,1.38,124.25,0.07,1.05,10673,32208,0.51,0.83,16856
50.3,Support,-2,11.96,5.78,TahmKench,22,Tahm Kench,9276,46.79,2.14,0.71,33.19,0.99,0.82,9889,29725,2.06,0.53,6501
46.4,Support,0,15.59,5.24,Taric,17,Taric,5481,52.36,1.33,0.24,31.28,0.43,0.45,9679,23787,4.23,0.21,8860
42.4,Support,-4,13.89,5.37,Zilean,12,Zilean,13243,51.14,2.57,1.07,103.11,0.82,1.14,10675,18376,2.71,0.7,6939
41.3,Support,1,11.94,6.71,Zyra,6,Zyra,22115,52.54,3.61,1.72,99.55,1.29,1.48,11351,17838,4.61,1,1401
49.9,Support,2,11.34,6.85,Velkoz,16,Vel'Koz,23722,52.39,4.91,1.93,113.36,0.44,2.14,11745,17523,2.12,0.97,1433
38.1,Support,-1,10.99,7.66,Brand,15,Brand,22882,51.82,4.82,2.65,89.58,3,1.89,11419,19720,2.78,1.28,1648
44.3,Support,-5,14.5,5.71,Alistar,21,Alistar,7318,47.49,1.55,0.27,59.43,0.67,0.52,9624,28970,7.46,0.2,8313
20.1,Support,1,14.58,5.28,Lulu,20,Lulu,7155,47.49,1.44,0.29,69.03,0.65,0.5,9798,16974,7.17,0.22,1562
36.9,Support,-1,11.25,7.86,Annie,23,Annie,17057,47.21,4.3,1.48,94.78,4.38,1.6,10861,18201,1.32,0.65,1438
14.1,Support,2,16.14,5.05,Nami,4,Nami,8702,51.69,1.56,0.13,99.91,0.06,0.59,9945,17357,9.28,0.14,11905
21.7,Support,-1,14.37,6.09,Bard,11,Bard,11986,48.19,2.63,0.34,56.13,0.42,1.06,10286,20759,9.47,0.36,5167
45.4,Support,-1,12.93,7.03,Lux,25,Lux,18630,45.94,4.28,1.5,53.35,0.32,1.82,11267,15407,1.41,0.86,1261
30,Support,4,14.1,5.77,Karma,8,Karma,12572,49.64,2.15,0.8,31.19,1.26,0.85,10365,17453,7.53,0.58,2033
52,Support,4,13.54,6.21,Nautilus,19,Nautilus,9365,49.14,1.86,0.6,84.31,4.57,0.65,9866,24833,6.19,0.34,3078
45.9,Support,2,15.47,5.62,Braum,7,Braum,7756,49.96,1.38,0.15,61.2,3.2,0.45,9766,26518,12.69,0.19,3434
41.4,Support,-4,13.5,6.11,Blitzcrank,9,Blitzcrank,10228,51.98,2.33,0.24,78.97,5.56,0.89,9996,25316,11.48,0.31,3148
48.1,Support,0,14.59,6.33,Leona,13,Leona,7900,50.83,1.91,0.22,95.25,1.49,0.67,10007,26500,12.57,0.21,3248
29.5,Support,-1,14.73,6.29,Morgana,5,Morgana,13712,49.59,2.54,0.55,71.31,3.4,1,10727,19109,12.11,0.46,1353
34.1,Support,1,15.07,6.13,Thresh,14,Thresh,8083,48.67,1.93,0.19,126.49,0.92,0.7,9543,23753,26.65,0.2,2606
